timestamp_utc,ref_no2_ppb,ref_pm25_ugm3,temp_c,rh_pct,ref_no2_ugm3
2025-06-15 00:00:00+00:00,26.95,8.2,13.55,77.04,52.7
2025-06-15 01:00:00+00:00,24.74,8.96,10.01,83.62,48.98
2025-06-15 02:00:00+00:00,24.83,10.43,12.55,84.92,48.73
2025-06-15 03:00:00+00:00,21.64,8.79,12.66,91.96,42.45
2025-06-15 04:00:00+00:00,21.56,9.96,12.4,87.99,42.33
2025-06-15 05:00:00+00:00,27.96,9.63,12.44,66.78,54.89
2025-06-15 06:00:00+00:00,23.58,8.41,15.59,84.27,45.79
2025-06-15 07:00:00+00:00,27.28,8.95,16.36,61.83,52.83
2025-06-15 08:00:00+00:00,28.5,8.09,18.84,69.3,54.72
2025-06-15 09:00:00+00:00,34.18,9.71,20.12,56.28,65.34
2025-06-15 10:00:00+00:00,28.55,8.76,23.4,47.53,53.98
2025-06-15 11:00:00+00:00,22.18,6.57,22.34,32.08,42.08
2025-06-15 12:00:00+00:00,30.57,8.19,22.23,41.8,58.02
2025-06-15 13:00:00+00:00,26.23,10.18,24.13,28.47,49.47
2025-06-15 14:00:00+00:00,27.49,8.18,24.24,47.76,51.83
2025-06-15 15:00:00+00:00,25.99,9.15,25.25,52.59,48.83
2025-06-15 16:00:00+00:00,24.24,9.35,23.89,35.85,45.75
2025-06-15 17:00:00+00:00,26.26,7.53,22.25,47.62,49.84
2025-06-15 18:00:00+00:00,18.22,9.41,22.25,43.39,34.58
2025-06-15 19:00:00+00:00,20.38,7.1,17.57,48.89,39.3
2025-06-15 20:00:00+00:00,23.35,8.25,16.67,65.25,45.17
2025-06-15 21:00:00+00:00,19.12,10.14,14.8,63.95,37.23
2025-06-15 22:00:00+00:00,16.13,9.49,14.06,83.09,31.49
2025-06-15 23:00:00+00:00,23.3,8.23,11.72,69.6,45.86
2025-06-16 00:00:00+00:00,25.32,9.23,13.31,84.82,49.56
2025-06-16 01:00:00+00:00,22.76,8.52,11.82,79.83,44.78
2025-06-16 02:00:00+00:00,18.19,8.74,10.26,86.34,35.98
2025-06-16 03:00:00+00:00,27.52,9.31,11.16,75.96,54.27
2025-06-16 04:00:00+00:00,21.82,7.67,13.49,77.38,42.68
2025-06-16 05:00:00+00:00,29.1,8.53,15.18,73.87,56.58
2025-06-16 06:00:00+00:00,26.79,7.91,17.9,64.12,51.61
2025-06-16 07:00:00+00:00,27.06,6.52,20.5,71.38,51.66
2025-06-16 08:00:00+00:00,30.04,7.22,19.06,66.15,57.64
2025-06-16 09:00:00+00:00,31.35,10.09,18.9,60.49,60.18
2025-06-16 10:00:00+00:00,30.15,8.72,18.92,63.12,57.88
2025-06-16 11:00:00+00:00,33.7,6.57,22.94,58.14,63.81
2025-06-16 12:00:00+00:00,30.12,6.15,22.48,40.17,57.12
2025-06-16 13:00:00+00:00,33.62,8.07,23.42,43.93,63.56
2025-06-16 14:00:00+00:00,30.53,10.27,23.24,35.03,57.75
2025-06-16 15:00:00+00:00,26.43,8.34,23.45,40.65,49.96
2025-06-16 16:00:00+00:00,24.68,10.26,24.17,37.43,46.54
2025-06-16 17:00:00+00:00,21.11,9.36,22.01,58.17,40.1
2025-06-16 18:00:00+00:00,25.8,9.41,20.31,52.1,49.29
2025-06-16 19:00:00+00:00,22.92,7.21,17.76,52.17,44.17
2025-06-16 20:00:00+00:00,16.17,10.19,15.42,68.61,31.42
2025-06-16 21:00:00+00:00,21.28,8.16,15.32,46.89,41.36
2025-06-16 22:00:00+00:00,20.12,9.5,14.46,53.06,39.22
2025-06-16 23:00:00+00:00,27.82,7.83,15.5,79.83,54.04
2025-06-17 00:00:00+00:00,18.57,8.76,12.7,77.31,36.42
2025-06-17 01:00:00+00:00,20.23,9.04,13.26,81.06,39.6
2025-06-17 02:00:00+00:00,28.98,8.2,11.43,69.37,57.09
2025-06-17 03:00:00+00:00,30.97,9.07,10.95,79.36,61.12
2025-06-17 04:00:00+00:00,25.98,8.56,11.95,93.8,51.09
2025-06-17 05:00:00+00:00,27.61,7.85,13.31,81.39,54.04
2025-06-17 06:00:00+00:00,32.55,10.37,18.06,72.16,62.67
2025-06-17 07:00:00+00:00,24.72,9.51,16.01,62.57,47.93
2025-06-17 08:00:00+00:00,26.86,7.24,19.57,57.79,51.45
2025-06-17 09:00:00+00:00,32.04,8.68,19.01,38.71,61.48
2025-06-17 10:00:00+00:00,37.63,7.17,22.59,52.89,71.34
2025-06-17 11:00:00+00:00,31.43,6.64,23.09,53.3,59.48
2025-06-17 12:00:00+00:00,32.47,9.24,23.27,30.57,61.41
2025-06-17 13:00:00+00:00,34.7,6.16,23.87,35.66,65.5
2025-06-17 14:00:00+00:00,36.52,9.51,23.19,30.76,69.09
2025-06-17 15:00:00+00:00,27.21,8.26,24.16,32.74,51.31
2025-06-17 16:00:00+00:00,27.56,8.44,22.34,42.65,52.29
2025-06-17 17:00:00+00:00,31.75,9.26,20.35,28.53,60.65
2025-06-17 18:00:00+00:00,20.5,9.58,18.96,54.11,39.35
2025-06-17 19:00:00+00:00,27.1,7.98,19.21,59.95,51.97
2025-06-17 20:00:00+00:00,20.17,9.7,19.33,57.05,38.66
2025-06-17 21:00:00+00:00,23.04,8.7,16.1,44.41,44.66
2025-06-17 22:00:00+00:00,21.84,7.12,14.38,61.2,42.59
2025-06-17 23:00:00+00:00,19.86,8.67,13.72,83.32,38.81
2025-06-18 00:00:00+00:00,20.28,9.75,14.11,54.61,39.58
2025-06-18 01:00:00+00:00,24.84,10.54,12.35,76.27,48.78
2025-06-18 02:00:00+00:00,27.99,9.27,11.53,70.54,55.12
2025-06-18 03:00:00+00:00,25.77,7.29,13.7,85.98,50.37
2025-06-18 04:00:00+00:00,27.6,9.04,13.62,72.37,53.96
2025-06-18 05:00:00+00:00,30.3,9.58,16.02,78.03,58.75
2025-06-18 06:00:00+00:00,26.77,9.38,15.72,75.33,51.96
2025-06-18 07:00:00+00:00,32.82,9.56,15.53,80.77,63.74
2025-06-18 08:00:00+00:00,33.72,8.62,16.92,59.32,65.17
2025-06-18 09:00:00+00:00,39.42,8.09,22.07,58.75,74.86
2025-06-18 10:00:00+00:00,30.5,7.27,23.54,38.95,57.64
2025-06-18 11:00:00+00:00,29.92,5.84,22.41,56.06,56.76
2025-06-18 12:00:00+00:00,32.95,8.41,23.0,37.09,62.38
2025-06-18 13:00:00+00:00,32.16,8.43,25.67,36.46,60.34
2025-06-18 14:00:00+00:00,26.93,9.07,22.64,39.84,51.04
2025-06-18 15:00:00+00:00,25.99,6.96,22.55,27.96,49.28
2025-06-18 16:00:00+00:00,27.42,9.47,23.66,44.06,51.79
2025-06-18 17:00:00+00:00,21.92,11.3,21.35,52.95,41.73
2025-06-18 18:00:00+00:00,21.88,8.92,20.49,51.54,41.78
2025-06-18 19:00:00+00:00,22.28,8.7,18.8,41.21,42.79
2025-06-18 20:00:00+00:00,24.14,9.22,17.84,58.07,46.51
2025-06-18 21:00:00+00:00,18.79,11.41,17.6,70.2,36.23
2025-06-18 22:00:00+00:00,14.86,7.25,14.63,54.15,28.95
2025-06-18 23:00:00+00:00,14.75,8.75,14.15,64.86,28.78
2025-06-19 00:00:00+00:00,17.17,7.72,10.08,83.84,33.99
2025-06-19 01:00:00+00:00,17.74,7.97,12.03,81.21,34.88
2025-06-19 02:00:00+00:00,22.17,8.61,11.01,83.27,43.74
2025-06-19 03:00:00+00:00,20.19,10.51,10.91,94.42,39.85
2025-06-19 04:00:00+00:00,22.83,10.79,12.06,81.52,44.88
2025-06-19 05:00:00+00:00,23.79,9.14,13.78,80.06,46.48
2025-06-19 06:00:00+00:00,25.86,8.4,16.6,92.49,50.04
2025-06-19 07:00:00+00:00,32.04,11.28,15.41,64.37,62.25
2025-06-19 08:00:00+00:00,30.69,7.58,18.6,54.56,58.98
2025-06-19 09:00:00+00:00,29.09,7.5,19.51,59.16,55.73
2025-06-19 10:00:00+00:00,27.66,5.96,21.08,54.34,52.71
2025-06-19 11:00:00+00:00,27.41,9.68,23.83,42.33,51.75
2025-06-19 12:00:00+00:00,29.03,9.16,24.1,34.91,54.75
2025-06-19 13:00:00+00:00,28.85,11.3,25.52,59.43,54.16
2025-06-19 14:00:00+00:00,23.2,6.73,23.79,42.64,43.8
2025-06-19 15:00:00+00:00,24.71,10.32,22.79,34.6,46.81
2025-06-19 16:00:00+00:00,17.11,8.78,22.62,49.55,32.43
2025-06-19 17:00:00+00:00,22.46,9.74,22.11,44.33,42.65
2025-06-19 18:00:00+00:00,22.84,6.82,20.71,47.17,43.58
2025-06-19 19:00:00+00:00,18.62,10.7,17.7,58.42,35.89
2025-06-19 20:00:00+00:00,24.08,9.64,17.54,48.72,46.44
2025-06-19 21:00:00+00:00,15.46,8.86,16.18,67.08,29.96
2025-06-19 22:00:00+00:00,18.57,9.86,17.54,84.48,35.82
2025-06-19 23:00:00+00:00,17.96,7.83,15.63,77.19,34.87
2025-06-20 00:00:00+00:00,18.25,7.78,11.52,73.82,35.94
2025-06-20 01:00:00+00:00,18.97,7.94,11.74,75.0,37.33
2025-06-20 02:00:00+00:00,20.64,6.31,10.27,76.7,40.83
2025-06-20 03:00:00+00:00,24.02,9.58,11.67,77.51,47.28
2025-06-20 04:00:00+00:00,26.85,9.92,13.49,74.75,52.52
2025-06-20 05:00:00+00:00,23.94,7.8,15.62,82.12,46.48
2025-06-20 06:00:00+00:00,27.51,8.56,14.63,56.94,53.59
2025-06-20 07:00:00+00:00,23.91,8.14,16.22,72.98,46.33
2025-06-20 08:00:00+00:00,29.01,8.55,15.99,57.91,56.25
2025-06-20 09:00:00+00:00,24.82,7.42,19.9,58.76,47.48
2025-06-20 10:00:00+00:00,30.45,6.94,20.2,41.81,58.2
2025-06-20 11:00:00+00:00,33.54,9.41,21.99,57.17,63.71
2025-06-20 12:00:00+00:00,25.95,7.99,22.4,53.14,49.23
2025-06-20 13:00:00+00:00,18.87,10.63,23.8,48.62,35.63
2025-06-20 14:00:00+00:00,22.71,8.46,21.86,27.9,43.16
2025-06-20 15:00:00+00:00,26.8,7.45,21.86,47.09,50.93
2025-06-20 16:00:00+00:00,23.45,10.17,25.45,45.47,44.03
2025-06-20 17:00:00+00:00,21.24,9.53,20.28,32.36,40.58
2025-06-20 18:00:00+00:00,22.33,9.67,19.18,49.0,42.83
2025-06-20 19:00:00+00:00,19.76,10.34,21.2,56.83,37.64
2025-06-20 20:00:00+00:00,21.21,8.18,20.92,63.51,40.44
2025-06-20 21:00:00+00:00,19.88,8.73,14.5,65.68,38.75
2025-06-20 22:00:00+00:00,21.59,8.62,14.08,71.5,42.14
2025-06-20 23:00:00+00:00,18.34,7.36,13.79,85.25,35.83
2025-06-21 00:00:00+00:00,20.55,8.42,14.62,86.64,40.04
2025-06-21 01:00:00+00:00,17.78,9.73,10.9,56.12,35.09
2025-06-21 02:00:00+00:00,17.99,8.83,11.73,77.44,35.4
2025-06-21 03:00:00+00:00,26.18,6.95,13.31,78.22,51.24
2025-06-21 04:00:00+00:00,23.04,6.41,13.63,63.76,45.04
2025-06-21 05:00:00+00:00,26.13,10.51,13.72,75.55,51.07
2025-06-21 06:00:00+00:00,25.31,8.51,15.34,80.8,49.19
2025-06-21 07:00:00+00:00,24.22,7.37,15.35,57.39,47.07
2025-06-21 08:00:00+00:00,26.8,7.94,18.28,63.63,51.56
2025-06-21 09:00:00+00:00,31.57,6.23,19.77,48.41,60.43
2025-06-21 10:00:00+00:00,29.1,9.71,21.76,45.45,55.32
2025-06-21 11:00:00+00:00,22.13,7.7,21.96,58.36,42.04
2025-06-21 12:00:00+00:00,26.12,9.64,24.02,38.83,49.28
2025-06-21 13:00:00+00:00,31.34,8.27,25.13,44.64,58.91
2025-06-21 14:00:00+00:00,24.35,10.12,24.16,25.05,45.92
2025-06-21 15:00:00+00:00,18.44,8.98,24.05,55.36,34.79
2025-06-21 16:00:00+00:00,28.29,9.72,22.95,47.05,53.57
2025-06-21 17:00:00+00:00,23.46,9.64,21.82,43.75,44.59
2025-06-21 18:00:00+00:00,20.1,9.62,19.63,53.8,38.49
2025-06-21 19:00:00+00:00,18.28,9.19,19.38,42.64,35.03
2025-06-21 20:00:00+00:00,21.99,8.78,17.32,68.52,42.44
2025-06-21 21:00:00+00:00,16.76,11.1,18.42,61.67,32.23
2025-06-21 22:00:00+00:00,21.82,7.66,16.41,67.54,42.25
2025-06-21 23:00:00+00:00,20.33,8.6,13.84,69.53,39.72
2025-06-22 00:00:00+00:00,20.09,8.46,11.63,72.18,39.55
2025-06-22 01:00:00+00:00,20.73,9.18,10.75,84.61,40.94
2025-06-22 02:00:00+00:00,20.94,8.13,13.46,82.02,40.96
2025-06-22 03:00:00+00:00,25.94,9.07,12.69,84.76,50.88
2025-06-22 04:00:00+00:00,21.61,8.35,13.69,77.7,42.24
2025-06-22 05:00:00+00:00,20.73,6.68,12.08,78.9,40.75
2025-06-22 06:00:00+00:00,28.73,8.36,16.62,67.46,55.59
2025-06-22 07:00:00+00:00,29.88,7.36,17.55,83.92,57.63
2025-06-22 08:00:00+00:00,30.29,5.92,17.23,48.4,58.48
2025-06-22 09:00:00+00:00,30.62,8.48,19.53,65.83,58.65
2025-06-22 10:00:00+00:00,28.66,8.82,21.79,61.77,54.48
2025-06-22 11:00:00+00:00,31.86,8.63,22.69,39.72,60.38
2025-06-22 12:00:00+00:00,28.92,8.9,23.11,61.0,54.73
2025-06-22 13:00:00+00:00,26.86,5.89,23.79,48.91,50.71
2025-06-22 14:00:00+00:00,26.43,6.77,23.67,47.79,49.92
2025-06-22 15:00:00+00:00,32.31,10.93,23.81,40.68,61.0
2025-06-22 16:00:00+00:00,19.85,7.44,24.66,40.49,37.37
2025-06-22 17:00:00+00:00,25.38,9.51,18.74,43.53,48.75
2025-06-22 18:00:00+00:00,17.78,8.02,20.21,52.32,33.98
2025-06-22 19:00:00+00:00,21.6,9.17,19.21,65.13,41.42
2025-06-22 20:00:00+00:00,19.99,8.14,17.79,60.51,38.52
2025-06-22 21:00:00+00:00,14.7,9.38,15.46,56.97,28.56
2025-06-22 22:00:00+00:00,22.12,9.08,12.42,75.77,43.43
2025-06-22 23:00:00+00:00,20.15,8.29,13.77,80.83,39.37
2025-06-23 00:00:00+00:00,15.66,7.38,14.62,82.07,30.51
2025-06-23 01:00:00+00:00,25.42,9.02,10.24,85.02,50.29
2025-06-23 02:00:00+00:00,28.38,7.1,13.06,77.81,55.59
2025-06-23 03:00:00+00:00,29.87,8.96,11.98,72.11,58.73
2025-06-23 04:00:00+00:00,27.87,11.57,13.04,70.83,54.6
2025-06-23 05:00:00+00:00,28.31,9.85,12.91,61.71,55.48
2025-06-23 06:00:00+00:00,33.43,9.32,15.1,72.7,65.02
2025-06-23 07:00:00+00:00,35.58,8.21,18.56,65.41,68.38
2025-06-23 08:00:00+00:00,34.77,5.82,19.26,57.42,66.67
2025-06-23 09:00:00+00:00,29.07,6.41,22.17,32.1,55.19
2025-06-23 10:00:00+00:00,32.69,9.54,22.89,40.85,61.91
2025-06-23 11:00:00+00:00,33.25,7.16,23.15,55.51,62.91
2025-06-23 12:00:00+00:00,26.03,7.16,25.55,37.85,48.86
2025-06-23 13:00:00+00:00,32.09,8.01,24.44,43.83,60.46
2025-06-23 14:00:00+00:00,36.5,7.13,24.97,28.9,68.64
2025-06-23 15:00:00+00:00,30.44,7.13,23.27,51.97,57.57
2025-06-23 16:00:00+00:00,31.7,8.63,22.97,41.07,60.02
2025-06-23 17:00:00+00:00,26.61,7.7,20.99,47.53,50.72
2025-06-23 18:00:00+00:00,24.71,8.27,21.68,67.8,46.99
2025-06-23 19:00:00+00:00,25.13,8.16,17.59,66.05,48.46
2025-06-23 20:00:00+00:00,20.84,9.45,18.37,56.6,40.08
2025-06-23 21:00:00+00:00,20.0,8.48,15.68,59.51,38.82
2025-06-23 22:00:00+00:00,26.62,8.52,15.93,66.57,51.63
2025-06-23 23:00:00+00:00,27.21,9.47,14.28,77.54,53.07
2025-06-24 00:00:00+00:00,20.71,8.35,14.73,75.99,40.33
2025-06-24 01:00:00+00:00,27.45,8.18,12.96,75.89,53.79
2025-06-24 02:00:00+00:00,25.39,9.4,10.14,91.72,50.25
2025-06-24 03:00:00+00:00,27.91,9.37,12.3,78.63,54.82
2025-06-24 04:00:00+00:00,29.59,8.75,11.7,96.17,58.24
2025-06-24 05:00:00+00:00,32.49,8.61,13.55,75.52,63.54
2025-06-24 06:00:00+00:00,30.95,7.76,17.32,85.09,59.74
2025-06-24 07:00:00+00:00,35.93,7.35,17.77,68.94,69.24
2025-06-24 08:00:00+00:00,33.37,9.3,17.73,68.65,64.32
2025-06-24 09:00:00+00:00,34.75,8.53,18.88,49.94,66.71
2025-06-24 10:00:00+00:00,30.48,8.55,21.52,44.0,57.99
2025-06-24 11:00:00+00:00,39.21,8.34,21.16,50.22,74.69
2025-06-24 12:00:00+00:00,33.57,8.08,22.65,51.08,63.63
2025-06-24 13:00:00+00:00,33.44,9.04,24.29,41.27,63.03
2025-06-24 14:00:00+00:00,25.38,9.52,25.36,29.73,47.67
2025-06-24 15:00:00+00:00,26.48,9.66,24.35,29.58,49.9
2025-06-24 16:00:00+00:00,31.32,8.57,20.14,30.81,59.87
2025-06-24 17:00:00+00:00,27.15,10.44,22.19,31.07,51.54
2025-06-24 18:00:00+00:00,19.32,9.08,20.58,50.07,36.88
2025-06-24 19:00:00+00:00,27.14,9.79,19.5,62.92,51.99
2025-06-24 20:00:00+00:00,21.6,9.21,19.37,58.95,41.4
2025-06-24 21:00:00+00:00,26.97,8.86,13.43,46.18,52.76
2025-06-24 22:00:00+00:00,22.3,7.87,13.81,67.65,43.57
2025-06-24 23:00:00+00:00,23.35,9.49,14.09,72.16,45.58
2025-06-25 00:00:00+00:00,26.77,12.29,10.65,93.6,52.88
2025-06-25 01:00:00+00:00,21.31,7.9,13.86,67.4,41.63
2025-06-25 02:00:00+00:00,22.03,8.62,12.47,76.85,43.24
2025-06-25 03:00:00+00:00,25.57,8.33,13.39,93.19,50.03
2025-06-25 04:00:00+00:00,29.87,8.04,12.42,81.37,58.64
2025-06-25 05:00:00+00:00,24.6,10.44,15.15,79.3,47.84
2025-06-25 06:00:00+00:00,24.69,7.63,16.79,71.72,47.74
2025-06-25 07:00:00+00:00,33.07,7.81,17.28,68.72,63.84
2025-06-25 08:00:00+00:00,29.45,6.44,18.85,67.16,56.54
2025-06-25 09:00:00+00:00,30.43,7.09,20.42,49.26,58.11
2025-06-25 10:00:00+00:00,26.06,6.11,20.44,57.85,49.77
2025-06-25 11:00:00+00:00,29.26,8.76,22.45,35.56,55.5
2025-06-25 12:00:00+00:00,30.62,11.36,23.27,45.8,57.91
2025-06-25 13:00:00+00:00,32.49,7.77,24.38,42.38,61.22
2025-06-25 14:00:00+00:00,26.22,6.4,25.17,35.09,49.28
2025-06-25 15:00:00+00:00,32.17,9.65,22.35,40.28,61.04
2025-06-25 16:00:00+00:00,23.74,7.82,22.74,37.25,44.98
2025-06-25 17:00:00+00:00,22.35,10.33,23.6,36.63,42.23
2025-06-25 18:00:00+00:00,27.73,8.46,19.6,46.37,53.11
2025-06-25 19:00:00+00:00,22.64,8.01,18.01,45.09,43.59
2025-06-25 20:00:00+00:00,19.5,8.71,17.68,61.64,37.59
2025-06-25 21:00:00+00:00,20.14,9.58,16.92,55.06,38.93
2025-06-25 22:00:00+00:00,24.44,8.62,14.54,74.87,47.63
2025-06-25 23:00:00+00:00,24.9,7.89,14.97,64.01,48.45
2025-06-26 00:00:00+00:00,18.5,8.21,13.57,72.3,36.17
2025-06-26 01:00:00+00:00,21.55,6.95,13.09,74.06,42.21
2025-06-26 02:00:00+00:00,22.91,9.29,12.69,90.58,44.94
2025-06-26 03:00:00+00:00,20.79,6.5,15.17,82.18,40.43
2025-06-26 04:00:00+00:00,24.77,7.99,12.86,76.08,48.56
2025-06-26 05:00:00+00:00,26.13,9.49,11.77,78.78,51.42
2025-06-26 06:00:00+00:00,30.61,8.44,17.43,53.95,59.06
2025-06-26 07:00:00+00:00,31.69,9.02,16.45,65.74,61.35
2025-06-26 08:00:00+00:00,27.72,8.46,18.69,76.92,53.25
2025-06-26 09:00:00+00:00,28.4,9.54,21.66,56.8,54.01
2025-06-26 10:00:00+00:00,31.04,9.14,19.55,51.37,59.46
2025-06-26 11:00:00+00:00,26.95,8.55,21.12,50.93,51.35
2025-06-26 12:00:00+00:00,29.81,9.12,21.53,50.34,56.72
2025-06-26 13:00:00+00:00,26.84,9.11,22.96,24.97,50.82
2025-06-26 14:00:00+00:00,23.02,7.87,24.5,26.56,43.36
2025-06-26 15:00:00+00:00,21.73,6.95,24.25,42.14,40.96
2025-06-26 16:00:00+00:00,27.54,9.2,23.22,36.51,52.1
2025-06-26 17:00:00+00:00,21.35,9.54,20.13,55.7,40.81
2025-06-26 18:00:00+00:00,25.47,10.11,17.72,46.67,49.09
2025-06-26 19:00:00+00:00,17.92,7.65,19.06,38.44,34.38
2025-06-26 20:00:00+00:00,19.51,7.61,16.87,48.91,37.72
2025-06-26 21:00:00+00:00,25.28,9.12,16.46,42.26,48.94
2025-06-26 22:00:00+00:00,14.74,8.66,15.37,67.3,28.64
2025-06-26 23:00:00+00:00,12.37,6.38,13.54,71.95,24.19
2025-06-27 00:00:00+00:00,22.41,8.92,13.46,73.43,43.84
2025-06-27 01:00:00+00:00,16.84,6.53,12.36,87.68,33.07
2025-06-27 02:00:00+00:00,20.26,7.66,12.66,89.57,39.74
2025-06-27 03:00:00+00:00,19.72,10.19,11.53,78.18,38.84
2025-06-27 04:00:00+00:00,23.52,10.4,12.89,60.7,46.1
2025-06-27 05:00:00+00:00,21.09,7.14,14.41,79.73,41.12
2025-06-27 06:00:00+00:00,24.53,8.11,16.49,75.25,47.48
2025-06-27 07:00:00+00:00,27.36,8.42,16.53,68.56,52.95
2025-06-27 08:00:00+00:00,23.69,10.51,19.19,68.8,45.43
2025-06-27 09:00:00+00:00,25.01,7.41,19.77,46.42,47.87
2025-06-27 10:00:00+00:00,26.13,7.77,21.34,66.9,49.75
2025-06-27 11:00:00+00:00,22.62,9.86,23.62,38.87,42.73
2025-06-27 12:00:00+00:00,25.05,7.55,21.06,49.16,47.74
2025-06-27 13:00:00+00:00,25.81,9.07,22.36,27.45,48.97
2025-06-27 14:00:00+00:00,23.15,6.63,22.19,32.58,43.95
2025-06-27 15:00:00+00:00,22.29,8.41,20.82,52.59,42.51
2025-06-27 16:00:00+00:00,21.73,6.7,22.08,40.14,41.27
2025-06-27 17:00:00+00:00,18.52,7.54,22.72,51.93,35.09
2025-06-27 18:00:00+00:00,21.38,9.83,20.16,51.09,40.87
2025-06-27 19:00:00+00:00,22.61,8.77,19.24,53.08,43.35
2025-06-27 20:00:00+00:00,16.16,8.71,18.74,69.97,31.04
2025-06-27 21:00:00+00:00,18.58,7.91,17.5,62.37,35.84
2025-06-27 22:00:00+00:00,16.3,8.23,14.44,54.93,31.78
2025-06-27 23:00:00+00:00,18.36,8.91,15.0,67.03,35.72
2025-06-28 00:00:00+00:00,22.53,9.8,12.65,81.24,44.2
2025-06-28 01:00:00+00:00,20.23,5.49,11.08,82.22,39.9
2025-06-28 02:00:00+00:00,14.48,7.35,11.31,67.44,28.54
2025-06-28 03:00:00+00:00,22.42,8.67,10.6,73.75,44.3
2025-06-28 04:00:00+00:00,26.09,8.34,12.04,73.12,51.29
2025-06-28 05:00:00+00:00,23.05,8.92,13.75,71.87,45.04
2025-06-28 06:00:00+00:00,27.92,8.52,16.47,59.8,54.05
2025-06-28 07:00:00+00:00,23.91,7.86,19.07,61.06,45.87
2025-06-28 08:00:00+00:00,22.32,7.47,16.91,55.11,43.14
2025-06-28 09:00:00+00:00,27.69,7.94,20.56,61.91,52.86
2025-06-28 10:00:00+00:00,22.16,9.52,20.23,57.3,42.35
2025-06-28 11:00:00+00:00,26.54,7.12,23.19,45.37,50.21
2025-06-28 12:00:00+00:00,30.63,7.92,23.3,40.03,57.93
2025-06-28 13:00:00+00:00,20.26,8.43,21.72,42.07,38.52
2025-06-28 14:00:00+00:00,21.15,10.27,25.09,33.49,39.76
2025-06-28 15:00:00+00:00,20.74,8.21,22.9,31.28,39.28
2025-06-28 16:00:00+00:00,22.42,9.84,22.25,34.71,42.55
2025-06-28 17:00:00+00:00,20.31,10.25,20.54,40.13,38.77
2025-06-28 18:00:00+00:00,24.51,8.72,19.71,39.89,46.92
2025-06-28 19:00:00+00:00,22.26,8.62,19.51,55.21,42.64
2025-06-28 20:00:00+00:00,20.23,8.6,17.21,64.89,39.06
2025-06-28 21:00:00+00:00,18.83,8.29,16.3,51.56,36.47
2025-06-28 22:00:00+00:00,19.55,9.81,14.96,69.37,38.04
2025-06-28 23:00:00+00:00,16.12,8.92,14.96,71.7,31.37
2025-06-29 00:00:00+00:00,21.93,8.87,12.13,79.56,43.1
2025-06-29 01:00:00+00:00,16.96,7.23,10.31,78.95,33.54
2025-06-29 02:00:00+00:00,23.98,7.21,13.31,68.35,46.93
2025-06-29 03:00:00+00:00,26.36,10.96,11.98,69.44,51.83
2025-06-29 04:00:00+00:00,24.84,8.35,14.45,78.01,48.42
2025-06-29 05:00:00+00:00,25.07,7.73,14.64,83.02,48.84
2025-06-29 06:00:00+00:00,28.09,9.78,15.35,53.09,54.59
2025-06-29 07:00:00+00:00,19.41,8.72,17.42,68.85,37.45
2025-06-29 08:00:00+00:00,29.75,9.1,20.91,70.46,56.72
2025-06-29 09:00:00+00:00,29.06,7.92,22.58,54.52,55.09
2025-06-29 10:00:00+00:00,29.47,7.72,21.56,55.23,56.06
2025-06-29 11:00:00+00:00,31.62,7.8,22.82,40.92,59.9
2025-06-29 12:00:00+00:00,28.83,6.34,24.75,42.22,54.26
2025-06-29 13:00:00+00:00,24.9,8.1,22.9,27.98,47.15
2025-06-29 14:00:00+00:00,26.94,8.76,24.37,21.27,50.77
2025-06-29 15:00:00+00:00,26.45,10.79,23.59,48.0,49.97
2025-06-29 16:00:00+00:00,25.4,8.8,23.27,34.35,48.04
2025-06-29 17:00:00+00:00,24.37,5.97,20.82,41.56,46.48
2025-06-29 18:00:00+00:00,25.93,8.69,18.59,38.1,49.83
2025-06-29 19:00:00+00:00,18.67,12.06,16.51,42.64,36.14
2025-06-29 20:00:00+00:00,21.82,9.89,16.09,57.67,42.29
2025-06-29 21:00:00+00:00,24.83,7.76,15.36,58.42,48.25
2025-06-29 22:00:00+00:00,15.75,9.55,14.17,72.2,30.73
2025-06-29 23:00:00+00:00,21.83,7.86,15.7,77.08,42.37
2025-06-30 00:00:00+00:00,20.2,6.96,13.87,79.4,39.46
2025-06-30 01:00:00+00:00,21.79,8.2,10.93,80.96,43.0
2025-06-30 02:00:00+00:00,21.36,8.96,12.44,92.6,41.93
2025-06-30 03:00:00+00:00,24.89,6.17,11.89,71.0,48.96
2025-06-30 04:00:00+00:00,32.32,7.17,12.77,77.33,63.38
2025-06-30 05:00:00+00:00,24.38,8.69,14.4,83.86,47.53
2025-06-30 06:00:00+00:00,25.94,8.13,16.25,80.92,50.25
2025-06-30 07:00:00+00:00,26.63,8.57,16.59,54.71,51.53
2025-06-30 08:00:00+00:00,36.55,6.71,19.84,58.44,69.94
2025-06-30 09:00:00+00:00,30.51,9.19,18.72,66.61,58.61
2025-06-30 10:00:00+00:00,32.01,6.68,21.48,54.89,60.91
2025-06-30 11:00:00+00:00,30.73,9.97,25.74,48.1,57.64
2025-06-30 12:00:00+00:00,28.62,5.94,23.72,41.43,54.05
2025-06-30 13:00:00+00:00,29.98,6.9,25.64,37.88,56.25
2025-06-30 14:00:00+00:00,37.06,8.9,24.08,42.33,69.9
2025-06-30 15:00:00+00:00,32.7,10.56,24.32,38.44,61.63
2025-06-30 16:00:00+00:00,24.72,9.07,22.82,41.89,46.83
2025-06-30 17:00:00+00:00,28.0,9.45,21.62,45.84,53.26
2025-06-30 18:00:00+00:00,22.44,8.82,19.56,43.77,42.98
2025-06-30 19:00:00+00:00,18.66,7.7,19.52,58.17,35.75
2025-06-30 20:00:00+00:00,26.35,8.75,16.41,82.37,51.02
2025-06-30 21:00:00+00:00,26.37,7.11,16.71,50.04,51.01
2025-06-30 22:00:00+00:00,25.96,7.3,15.83,71.76,50.36
2025-06-30 23:00:00+00:00,21.68,9.04,13.82,67.38,42.36
2025-07-01 00:00:00+00:00,23.18,7.28,12.2,81.45,45.54
2025-07-01 01:00:00+00:00,26.8,8.97,12.63,79.43,52.58
2025-07-01 02:00:00+00:00,26.82,7.16,11.66,86.07,52.8
2025-07-01 03:00:00+00:00,25.71,9.13,13.5,88.95,50.29
2025-07-01 04:00:00+00:00,23.35,8.0,10.91,79.31,46.09
2025-07-01 05:00:00+00:00,29.85,10.36,13.77,83.85,58.33
2025-07-01 06:00:00+00:00,33.93,8.43,13.11,52.05,66.45
2025-07-01 07:00:00+00:00,28.11,10.06,15.21,78.81,54.65
2025-07-01 08:00:00+00:00,34.36,7.37,20.2,63.94,65.67
2025-07-01 09:00:00+00:00,33.87,8.35,21.17,64.36,64.52
2025-07-01 10:00:00+00:00,35.23,6.82,20.61,41.07,67.24
2025-07-01 11:00:00+00:00,35.35,7.5,20.82,39.89,67.42
2025-07-01 12:00:00+00:00,30.08,7.69,19.9,44.34,57.55
2025-07-01 13:00:00+00:00,26.45,7.34,23.26,40.81,50.03
2025-07-01 14:00:00+00:00,28.6,6.94,26.88,42.29,53.44
2025-07-01 15:00:00+00:00,31.61,6.87,24.15,49.13,59.61
2025-07-01 16:00:00+00:00,25.98,5.89,22.22,28.11,49.31
2025-07-01 17:00:00+00:00,24.2,7.57,22.38,53.0,45.91
2025-07-01 18:00:00+00:00,19.6,9.55,18.62,49.26,37.66
2025-07-01 19:00:00+00:00,29.28,6.9,18.64,52.29,56.26
2025-07-01 20:00:00+00:00,25.71,7.05,17.55,47.29,49.58
2025-07-01 21:00:00+00:00,25.04,11.08,15.8,68.28,48.59
2025-07-01 22:00:00+00:00,25.47,7.64,15.47,49.86,49.48
2025-07-01 23:00:00+00:00,24.47,9.17,13.79,78.65,47.81
2025-07-02 00:00:00+00:00,22.5,9.07,13.35,64.89,44.03
2025-07-02 01:00:00+00:00,23.52,9.38,11.26,79.48,46.36
2025-07-02 02:00:00+00:00,23.73,6.75,13.1,79.02,46.48
2025-07-02 03:00:00+00:00,34.07,8.5,14.33,88.9,66.44
2025-07-02 04:00:00+00:00,29.05,6.59,11.95,76.34,57.13
2025-07-02 05:00:00+00:00,27.2,11.32,13.11,69.24,53.27
2025-07-02 06:00:00+00:00,31.09,6.42,17.11,66.75,60.05
2025-07-02 07:00:00+00:00,27.57,7.27,16.77,76.27,53.32
2025-07-02 08:00:00+00:00,35.77,7.06,20.25,65.23,68.35
2025-07-02 09:00:00+00:00,29.63,6.26,19.56,52.66,56.75
2025-07-02 10:00:00+00:00,33.13,9.62,23.22,48.94,62.67
2025-07-02 11:00:00+00:00,34.5,10.91,22.78,34.0,65.36
2025-07-02 12:00:00+00:00,31.8,7.43,23.77,46.28,60.05
2025-07-02 13:00:00+00:00,29.99,6.62,25.79,26.87,56.25
2025-07-02 14:00:00+00:00,28.56,5.72,23.54,46.04,53.97
2025-07-02 15:00:00+00:00,27.03,8.27,22.49,41.49,51.26
2025-07-02 16:00:00+00:00,24.06,8.54,22.35,61.32,45.65
2025-07-02 17:00:00+00:00,23.05,7.99,22.37,36.41,43.73
2025-07-02 18:00:00+00:00,27.55,9.07,18.62,48.37,52.94
2025-07-02 19:00:00+00:00,21.68,9.61,19.76,68.3,41.5
2025-07-02 20:00:00+00:00,18.8,9.45,16.79,68.59,36.35
2025-07-02 21:00:00+00:00,19.05,8.36,17.29,58.69,36.77
2025-07-02 22:00:00+00:00,23.68,7.5,11.65,70.96,46.62
2025-07-02 23:00:00+00:00,22.53,9.48,12.43,73.48,44.23
2025-07-03 00:00:00+00:00,22.63,20.99,10.52,79.09,44.73
2025-07-03 01:00:00+00:00,20.9,21.93,11.09,73.46,41.22
2025-07-03 02:00:00+00:00,24.36,21.93,12.32,79.26,47.84
2025-07-03 03:00:00+00:00,21.82,19.03,12.16,66.76,42.88
2025-07-03 04:00:00+00:00,24.16,19.25,12.81,78.85,47.37
2025-07-03 05:00:00+00:00,29.02,20.06,13.99,78.39,56.66
2025-07-03 06:00:00+00:00,29.81,19.51,15.75,68.99,57.85
2025-07-03 07:00:00+00:00,25.13,21.37,15.79,53.16,48.76
2025-07-03 08:00:00+00:00,26.14,21.19,19.41,68.85,50.09
2025-07-03 09:00:00+00:00,29.37,21.89,20.89,58.66,56.0
2025-07-03 10:00:00+00:00,34.22,20.87,21.94,45.02,65.02
2025-07-03 11:00:00+00:00,22.96,20.65,23.29,44.3,43.42
2025-07-03 12:00:00+00:00,28.88,21.84,23.81,31.17,54.52
2025-07-03 13:00:00+00:00,22.97,21.17,26.36,32.74,43.0
2025-07-03 14:00:00+00:00,24.02,20.88,23.87,35.72,45.34
2025-07-03 15:00:00+00:00,23.51,22.74,23.25,50.29,44.47
2025-07-03 16:00:00+00:00,21.94,21.23,21.99,37.11,41.68
2025-07-03 17:00:00+00:00,20.22,20.81,20.59,50.33,38.59
2025-07-03 18:00:00+00:00,20.57,20.19,19.0,44.89,39.47
2025-07-03 19:00:00+00:00,17.86,22.13,17.93,55.9,34.4
2025-07-03 20:00:00+00:00,14.24,22.73,17.35,57.93,27.48
2025-07-03 21:00:00+00:00,20.44,21.33,16.31,71.24,39.59
2025-07-03 22:00:00+00:00,20.17,22.66,14.58,64.89,39.3
2025-07-03 23:00:00+00:00,20.6,18.46,12.46,60.88,40.44
2025-07-04 00:00:00+00:00,13.92,20.65,13.62,65.77,27.21
2025-07-04 01:00:00+00:00,20.21,20.84,12.97,74.8,39.6
2025-07-04 02:00:00+00:00,22.35,19.92,11.84,69.99,43.97
2025-07-04 03:00:00+00:00,18.39,23.91,11.59,82.82,36.21
2025-07-04 04:00:00+00:00,22.75,20.8,13.77,74.05,44.45
2025-07-04 05:00:00+00:00,23.59,20.78,14.4,93.79,45.99
2025-07-04 06:00:00+00:00,30.6,20.57,13.77,56.9,59.79
2025-07-04 07:00:00+00:00,31.79,18.35,16.92,67.71,61.44
2025-07-04 08:00:00+00:00,21.72,19.52,18.88,51.92,41.7
2025-07-04 09:00:00+00:00,34.59,21.61,19.01,51.79,66.38
2025-07-04 10:00:00+00:00,24.43,19.68,21.7,51.96,46.45
2025-07-04 11:00:00+00:00,29.85,19.4,20.88,27.94,56.92
2025-07-04 12:00:00+00:00,29.23,21.97,25.06,45.07,54.95
2025-07-04 13:00:00+00:00,22.46,22.34,25.41,56.17,42.18
2025-07-04 14:00:00+00:00,25.83,21.42,23.67,36.39,48.79
2025-07-04 15:00:00+00:00,22.78,20.42,24.06,42.54,42.97
2025-07-04 16:00:00+00:00,23.45,20.81,20.0,50.43,44.85
2025-07-04 17:00:00+00:00,21.18,20.2,20.44,43.89,40.45
2025-07-04 18:00:00+00:00,22.89,20.0,20.14,44.55,43.76
2025-07-04 19:00:00+00:00,18.53,19.92,17.71,35.71,35.72
2025-07-04 20:00:00+00:00,17.05,20.63,18.29,64.18,32.8
2025-07-04 21:00:00+00:00,20.41,19.99,18.3,63.35,39.26
2025-07-04 22:00:00+00:00,18.76,19.14,13.11,61.07,36.74
2025-07-04 23:00:00+00:00,19.46,21.36,12.37,74.47,38.21
2025-07-05 00:00:00+00:00,15.84,21.12,12.83,72.16,31.05
2025-07-05 01:00:00+00:00,15.57,22.93,14.02,74.83,30.4
2025-07-05 02:00:00+00:00,18.1,20.29,10.56,84.83,35.77
2025-07-05 03:00:00+00:00,19.19,21.13,12.68,68.83,37.64
2025-07-05 04:00:00+00:00,24.75,21.49,15.3,86.15,48.11
2025-07-05 05:00:00+00:00,26.64,20.36,12.19,63.61,52.34
2025-07-05 06:00:00+00:00,24.47,21.6,13.97,65.5,47.78
2025-07-05 07:00:00+00:00,30.27,21.96,16.49,81.47,58.59
2025-07-05 08:00:00+00:00,30.88,21.19,17.94,69.96,59.48
2025-07-05 09:00:00+00:00,28.0,20.22,21.07,56.52,53.36
2025-07-05 10:00:00+00:00,24.97,19.97,21.77,43.3,47.47
2025-07-05 11:00:00+00:00,31.99,18.75,20.49,42.31,61.08
2025-07-05 12:00:00+00:00,26.59,19.43,24.07,43.76,50.16
2025-07-05 13:00:00+00:00,26.37,19.86,23.22,41.25,49.88
2025-07-05 14:00:00+00:00,23.97,19.45,25.5,39.3,45.0
2025-07-05 15:00:00+00:00,21.17,21.49,22.87,40.21,40.1
2025-07-05 16:00:00+00:00,18.21,22.53,22.13,40.51,34.58
2025-07-05 17:00:00+00:00,23.31,20.08,22.47,33.67,44.21
2025-07-05 18:00:00+00:00,17.96,21.54,21.41,45.06,34.18
2025-07-05 19:00:00+00:00,28.58,20.15,19.54,61.23,54.75
2025-07-05 20:00:00+00:00,15.48,20.72,15.41,48.11,30.08
2025-07-05 21:00:00+00:00,14.62,20.39,16.55,62.74,28.29
2025-07-05 22:00:00+00:00,19.9,21.77,13.28,62.61,38.95
2025-07-05 23:00:00+00:00,23.29,20.28,13.66,74.35,45.53
2025-07-06 00:00:00+00:00,19.55,9.69,10.84,73.72,38.6
2025-07-06 01:00:00+00:00,22.01,8.52,12.62,90.87,43.18
2025-07-06 02:00:00+00:00,15.94,7.9,11.06,84.03,31.44
2025-07-06 03:00:00+00:00,20.77,6.88,10.84,69.05,41.0
2025-07-06 04:00:00+00:00,20.99,8.97,13.97,83.14,40.99
2025-07-06 05:00:00+00:00,19.91,9.45,14.47,68.6,38.81
2025-07-06 06:00:00+00:00,27.24,8.65,14.77,66.19,53.04
2025-07-06 07:00:00+00:00,21.26,11.06,18.74,68.59,40.84
2025-07-06 08:00:00+00:00,24.88,9.86,18.04,57.01,47.9
2025-07-06 09:00:00+00:00,27.79,7.89,20.13,62.88,53.12
2025-07-06 10:00:00+00:00,27.12,7.62,21.8,44.63,51.55
2025-07-06 11:00:00+00:00,30.69,8.56,21.88,41.59,58.32
2025-07-06 12:00:00+00:00,29.97,6.99,24.02,37.92,56.54
2025-07-06 13:00:00+00:00,31.0,9.61,23.28,36.42,58.63
2025-07-06 14:00:00+00:00,29.62,8.83,23.48,48.82,55.98
2025-07-06 15:00:00+00:00,29.67,8.87,25.26,45.49,55.74
2025-07-06 16:00:00+00:00,25.05,9.64,21.64,55.91,47.64
2025-07-06 17:00:00+00:00,24.8,11.11,18.93,63.35,47.6
2025-07-06 18:00:00+00:00,24.35,9.01,22.43,40.95,46.19
2025-07-06 19:00:00+00:00,22.35,8.73,22.06,54.48,42.45
2025-07-06 20:00:00+00:00,20.1,10.5,16.95,49.65,38.85
2025-07-06 21:00:00+00:00,19.96,9.89,13.58,58.04,39.03
2025-07-06 22:00:00+00:00,18.5,8.3,14.15,64.13,36.1
2025-07-06 23:00:00+00:00,22.56,8.51,13.03,65.0,44.2
2025-07-07 00:00:00+00:00,21.67,8.6,12.32,68.41,42.56
2025-07-07 01:00:00+00:00,20.91,8.99,10.75,77.9,41.29
2025-07-07 02:00:00+00:00,22.09,6.78,12.72,70.24,43.32
2025-07-07 03:00:00+00:00,21.77,6.87,13.01,86.28,42.65
2025-07-07 04:00:00+00:00,29.73,7.34,11.32,70.43,58.59
2025-07-07 05:00:00+00:00,28.41,7.79,15.02,97.27,55.27
2025-07-07 06:00:00+00:00,26.86,7.57,17.97,67.19,51.73
2025-07-07 07:00:00+00:00,32.96,9.09,17.21,66.66,63.64
2025-07-07 08:00:00+00:00,29.69,7.81,18.16,50.58,57.14
2025-07-07 09:00:00+00:00,27.68,8.62,19.92,69.39,52.95
2025-07-07 10:00:00+00:00,35.15,6.73,22.21,59.78,66.72
2025-07-07 11:00:00+00:00,30.32,7.45,20.55,48.92,57.88
2025-07-07 12:00:00+00:00,30.23,8.7,23.65,32.4,57.1
2025-07-07 13:00:00+00:00,30.81,8.92,23.45,42.63,58.24
2025-07-07 14:00:00+00:00,33.11,7.53,26.19,31.05,62.01
2025-07-07 15:00:00+00:00,28.58,8.8,23.41,52.16,54.03
2025-07-07 16:00:00+00:00,23.68,11.33,24.89,48.7,44.54
2025-07-07 17:00:00+00:00,27.69,8.75,20.5,45.97,52.87
2025-07-07 18:00:00+00:00,23.48,7.97,21.2,29.7,44.72
2025-07-07 19:00:00+00:00,29.65,8.56,19.38,46.05,56.83
2025-07-07 20:00:00+00:00,23.29,9.09,16.39,64.56,45.1
2025-07-07 21:00:00+00:00,16.19,8.86,16.12,73.96,31.38
2025-07-07 22:00:00+00:00,23.9,8.92,15.98,78.05,46.34
2025-07-07 23:00:00+00:00,28.92,6.69,12.99,60.72,56.66
2025-07-08 00:00:00+00:00,28.41,7.43,10.51,79.24,56.15
2025-07-08 01:00:00+00:00,30.04,8.56,12.06,87.18,59.05
2025-07-08 02:00:00+00:00,22.59,8.14,10.94,66.71,44.58
2025-07-08 03:00:00+00:00,29.63,7.91,11.97,79.48,58.26
2025-07-08 04:00:00+00:00,26.05,8.39,13.01,79.96,51.04
2025-07-08 05:00:00+00:00,30.18,8.52,12.13,72.39,59.31
2025-07-08 06:00:00+00:00,26.88,9.19,13.56,55.99,52.56
2025-07-08 07:00:00+00:00,29.76,8.15,17.58,63.48,57.39
2025-07-08 08:00:00+00:00,30.41,8.65,17.94,58.33,58.57
2025-07-08 09:00:00+00:00,35.58,7.44,17.01,54.56,68.75
2025-07-08 10:00:00+00:00,35.38,8.69,22.42,46.32,67.11
2025-07-08 11:00:00+00:00,33.57,8.45,22.95,43.0,63.56
2025-07-08 12:00:00+00:00,28.11,9.04,22.6,42.85,53.29
2025-07-08 13:00:00+00:00,30.36,9.06,22.34,44.49,57.6
2025-07-08 14:00:00+00:00,27.96,9.11,24.98,37.59,52.58
2025-07-08 15:00:00+00:00,31.55,8.45,24.04,37.18,59.52
2025-07-08 16:00:00+00:00,31.14,8.99,25.75,42.97,58.41
2025-07-08 17:00:00+00:00,29.46,10.05,22.33,29.84,55.9
2025-07-08 18:00:00+00:00,22.8,8.08,20.96,53.01,43.46
2025-07-08 19:00:00+00:00,15.8,8.1,18.8,53.91,30.34
2025-07-08 20:00:00+00:00,17.93,9.1,18.41,59.37,34.48
2025-07-08 21:00:00+00:00,27.0,9.5,16.66,71.95,52.23
2025-07-08 22:00:00+00:00,21.36,7.48,16.03,53.55,41.41
2025-07-08 23:00:00+00:00,20.49,8.27,12.75,57.67,40.18
2025-07-09 00:00:00+00:00,28.16,8.47,12.02,79.02,55.36
2025-07-09 01:00:00+00:00,27.8,5.92,11.51,79.0,54.75
2025-07-09 02:00:00+00:00,25.08,8.36,12.98,81.34,49.14
2025-07-09 03:00:00+00:00,25.28,8.33,14.17,75.84,49.33
2025-07-09 04:00:00+00:00,26.99,8.47,12.56,83.09,52.96
2025-07-09 05:00:00+00:00,29.27,10.34,13.67,82.25,57.21
2025-07-09 06:00:00+00:00,34.49,7.03,15.88,74.68,66.9
2025-07-09 07:00:00+00:00,31.87,7.29,16.71,64.0,61.64
2025-07-09 08:00:00+00:00,33.44,4.87,19.71,44.08,64.02
2025-07-09 09:00:00+00:00,35.12,7.66,17.39,61.89,67.77
2025-07-09 10:00:00+00:00,28.12,7.74,20.48,60.6,53.69
2025-07-09 11:00:00+00:00,33.56,7.42,21.68,51.7,63.82
2025-07-09 12:00:00+00:00,29.76,9.33,20.67,36.13,56.79
2025-07-09 13:00:00+00:00,22.16,9.24,22.76,46.34,41.99
2025-07-09 14:00:00+00:00,22.15,8.49,22.88,46.91,41.95
2025-07-09 15:00:00+00:00,24.14,8.18,23.38,52.93,45.64
2025-07-09 16:00:00+00:00,27.39,9.92,24.23,35.22,51.64
2025-07-09 17:00:00+00:00,24.74,8.75,21.53,43.39,47.07
2025-07-09 18:00:00+00:00,23.67,7.92,19.26,55.17,45.38
2025-07-09 19:00:00+00:00,27.86,6.8,18.93,54.38,53.48
2025-07-09 20:00:00+00:00,17.35,8.17,18.69,50.12,33.33
2025-07-09 21:00:00+00:00,20.52,9.82,14.74,67.58,39.96
2025-07-09 22:00:00+00:00,21.3,11.61,13.43,73.8,41.67
2025-07-09 23:00:00+00:00,18.29,8.76,14.05,74.16,35.7
2025-07-10 00:00:00+00:00,21.03,7.65,12.28,78.59,41.31
2025-07-10 01:00:00+00:00,16.88,7.12,12.86,76.98,33.09
2025-07-10 02:00:00+00:00,26.87,9.5,12.01,91.8,52.83
2025-07-10 03:00:00+00:00,21.71,6.33,13.22,72.34,42.5
2025-07-10 04:00:00+00:00,31.04,9.12,11.87,73.07,61.06
2025-07-10 05:00:00+00:00,26.02,9.48,14.16,74.88,50.77
2025-07-10 06:00:00+00:00,30.27,9.08,15.25,77.84,58.84
2025-07-10 07:00:00+00:00,27.91,7.82,15.54,54.1,54.2
2025-07-10 08:00:00+00:00,28.61,8.69,16.69,50.46,55.34
2025-07-10 09:00:00+00:00,27.29,8.21,20.92,39.44,52.03
2025-07-10 10:00:00+00:00,29.4,7.09,21.06,51.09,56.02
2025-07-10 11:00:00+00:00,29.66,10.22,21.4,37.59,56.46
2025-07-10 12:00:00+00:00,25.69,7.58,23.34,40.09,48.58
2025-07-10 13:00:00+00:00,26.73,9.14,25.27,46.24,50.22
2025-07-10 14:00:00+00:00,24.1,5.5,21.24,34.89,45.9
2025-07-10 15:00:00+00:00,31.5,10.1,21.83,42.31,59.87
2025-07-10 16:00:00+00:00,22.93,10.46,21.78,39.83,43.59
2025-07-10 17:00:00+00:00,26.46,8.82,23.58,50.58,49.99
2025-07-10 18:00:00+00:00,19.96,9.53,20.84,52.99,38.06
2025-07-10 19:00:00+00:00,20.24,9.44,19.92,48.38,38.72
2025-07-10 20:00:00+00:00,14.67,8.08,16.07,57.71,28.44
2025-07-10 21:00:00+00:00,16.76,9.67,14.56,72.61,32.66
2025-07-10 22:00:00+00:00,18.55,7.88,15.06,72.32,36.08
2025-07-10 23:00:00+00:00,22.82,7.72,13.45,62.28,44.64
2025-07-11 00:00:00+00:00,19.21,9.99,13.2,82.07,37.61
2025-07-11 01:00:00+00:00,23.47,9.58,11.86,70.38,46.17
2025-07-11 02:00:00+00:00,22.24,7.98,12.36,91.28,43.67
2025-07-11 03:00:00+00:00,26.36,7.87,12.57,87.73,51.72
2025-07-11 04:00:00+00:00,22.54,7.83,14.04,80.09,44.0
2025-07-11 05:00:00+00:00,31.11,9.4,15.14,76.05,60.5
2025-07-11 06:00:00+00:00,23.61,7.18,13.56,69.13,46.17
2025-07-11 07:00:00+00:00,23.71,8.86,14.3,71.51,46.24
2025-07-11 08:00:00+00:00,23.08,9.06,19.77,57.98,44.18
2025-07-11 09:00:00+00:00,34.1,8.05,21.52,57.63,64.88
2025-07-11 10:00:00+00:00,29.64,9.37,20.25,57.8,56.64
2025-07-11 11:00:00+00:00,25.91,7.63,20.39,42.05,49.49
2025-07-11 12:00:00+00:00,30.07,7.74,23.57,38.24,56.82
2025-07-11 13:00:00+00:00,27.51,7.03,25.03,31.39,51.73
2025-07-11 14:00:00+00:00,30.25,9.62,26.13,31.51,56.67
2025-07-11 15:00:00+00:00,18.46,7.65,24.24,25.83,34.8
2025-07-11 16:00:00+00:00,20.99,9.11,22.44,48.07,39.81
2025-07-11 17:00:00+00:00,19.1,8.88,20.75,59.68,36.44
2025-07-11 18:00:00+00:00,13.38,7.75,20.51,60.6,25.54
2025-07-11 19:00:00+00:00,21.48,8.04,18.64,40.91,41.27
2025-07-11 20:00:00+00:00,16.75,10.65,16.22,64.86,32.45
2025-07-11 21:00:00+00:00,19.34,9.32,18.37,75.64,37.19
2025-07-11 22:00:00+00:00,24.1,7.5,16.67,65.52,46.62
2025-07-11 23:00:00+00:00,16.2,9.06,14.74,74.27,31.55
2025-07-12 00:00:00+00:00,16.57,8.04,11.44,60.77,32.64
2025-07-12 01:00:00+00:00,19.06,12.77,13.11,81.19,37.33
2025-07-12 02:00:00+00:00,22.76,8.77,12.79,71.47,44.63
2025-07-12 03:00:00+00:00,19.36,8.17,12.91,81.14,37.94
2025-07-12 04:00:00+00:00,20.5,10.01,14.61,65.28,39.94
2025-07-12 05:00:00+00:00,26.88,6.37,14.94,79.14,52.31
2025-07-12 06:00:00+00:00,26.07,8.69,16.39,79.0,50.48
2025-07-12 07:00:00+00:00,19.84,10.59,17.76,59.82,38.24
2025-07-12 08:00:00+00:00,23.1,7.9,18.97,51.85,44.33
2025-07-12 09:00:00+00:00,31.77,5.92,17.95,38.49,61.19
2025-07-12 10:00:00+00:00,28.64,7.52,21.58,48.7,54.48
2025-07-12 11:00:00+00:00,24.97,9.75,21.96,41.89,47.44
2025-07-12 12:00:00+00:00,26.26,8.45,21.92,30.76,49.9
2025-07-12 13:00:00+00:00,26.03,7.2,25.93,44.57,48.8
2025-07-12 14:00:00+00:00,27.2,7.58,26.05,36.42,50.97
2025-07-12 15:00:00+00:00,19.76,7.89,25.25,31.85,37.13
2025-07-12 16:00:00+00:00,20.09,9.13,23.2,37.79,38.01
2025-07-12 17:00:00+00:00,22.23,10.45,23.44,53.78,42.02
2025-07-12 18:00:00+00:00,20.01,10.14,20.51,54.02,38.2
2025-07-12 19:00:00+00:00,21.11,9.38,19.24,52.88,40.48
2025-07-12 20:00:00+00:00,15.05,7.38,16.12,64.01,29.17
2025-07-12 21:00:00+00:00,19.46,7.07,16.38,54.97,37.68
2025-07-12 22:00:00+00:00,21.65,9.43,14.6,69.43,42.18
2025-07-12 23:00:00+00:00,20.16,7.09,11.81,74.64,39.66
2025-07-13 00:00:00+00:00,19.77,8.19,12.48,73.07,38.81
2025-07-13 01:00:00+00:00,20.01,9.02,11.99,82.54,39.34
2025-07-13 02:00:00+00:00,18.97,7.11,14.18,73.73,37.02
2025-07-13 03:00:00+00:00,22.58,7.44,13.45,83.62,44.17
2025-07-13 04:00:00+00:00,27.99,8.53,13.12,82.19,54.82
2025-07-13 05:00:00+00:00,25.24,8.63,14.47,51.46,49.2
2025-07-13 06:00:00+00:00,24.22,9.88,15.56,80.33,47.03
2025-07-13 07:00:00+00:00,26.51,8.73,16.76,41.7,51.27
2025-07-13 08:00:00+00:00,29.45,8.21,17.27,56.02,56.85
2025-07-13 09:00:00+00:00,28.28,7.38,19.91,63.94,54.1
2025-07-13 10:00:00+00:00,31.07,6.71,20.58,48.29,59.3
2025-07-13 11:00:00+00:00,31.07,7.39,21.12,34.81,59.2
2025-07-13 12:00:00+00:00,31.72,8.49,24.07,34.42,59.83
2025-07-13 13:00:00+00:00,32.59,8.61,24.39,49.16,61.41
2025-07-13 14:00:00+00:00,30.35,5.88,21.83,24.65,57.68
2025-07-13 15:00:00+00:00,23.44,7.62,23.48,49.49,44.3
2025-07-13 16:00:00+00:00,22.35,10.14,24.09,41.79,42.16
2025-07-13 17:00:00+00:00,23.66,8.87,23.09,35.67,44.78
2025-07-13 18:00:00+00:00,21.46,7.1,21.73,44.53,40.8
2025-07-13 19:00:00+00:00,18.51,11.6,19.05,45.78,35.52
2025-07-13 20:00:00+00:00,19.97,8.98,16.42,65.99,38.66
2025-07-13 21:00:00+00:00,19.54,9.43,14.61,70.12,38.07
2025-07-13 22:00:00+00:00,18.94,8.99,14.94,55.42,36.86
2025-07-13 23:00:00+00:00,20.35,8.17,13.83,70.23,39.76
2025-07-14 00:00:00+00:00,25.49,7.53,14.09,69.92,49.75
2025-07-14 01:00:00+00:00,23.5,11.33,13.4,89.4,45.98
2025-07-14 02:00:00+00:00,31.49,9.59,11.87,69.18,61.94
2025-07-14 03:00:00+00:00,25.91,9.83,10.88,92.38,51.14
2025-07-14 04:00:00+00:00,25.93,9.24,12.73,77.51,50.85
2025-07-14 05:00:00+00:00,28.19,7.11,14.44,65.5,54.96
2025-07-14 06:00:00+00:00,30.22,9.84,15.26,65.39,58.75
2025-07-14 07:00:00+00:00,31.84,7.18,16.31,59.67,61.67
2025-07-14 08:00:00+00:00,37.6,8.35,18.87,50.75,72.19
2025-07-14 09:00:00+00:00,29.36,6.16,19.49,56.5,56.25
2025-07-14 10:00:00+00:00,34.66,5.55,20.72,41.0,66.12
2025-07-14 11:00:00+00:00,32.56,8.38,23.0,29.1,61.64
2025-07-14 12:00:00+00:00,26.74,7.03,22.97,40.13,50.63
2025-07-14 13:00:00+00:00,33.0,5.82,24.21,26.52,62.22
2025-07-14 14:00:00+00:00,33.48,9.05,24.3,34.0,63.1
2025-07-14 15:00:00+00:00,25.95,11.11,22.26,33.19,49.25
2025-07-14 16:00:00+00:00,27.26,10.36,22.31,35.26,51.73
2025-07-14 17:00:00+00:00,20.88,8.69,23.55,61.21,39.46
2025-07-14 18:00:00+00:00,21.15,8.81,19.1,49.65,40.57
2025-07-14 19:00:00+00:00,27.13,9.96,16.46,55.88,52.52
2025-07-14 20:00:00+00:00,21.89,10.04,15.2,44.85,42.56
2025-07-14 21:00:00+00:00,19.57,8.33,15.94,59.03,37.95
2025-07-14 22:00:00+00:00,23.51,8.86,14.56,70.89,45.81
2025-07-14 23:00:00+00:00,21.52,8.87,13.24,65.26,42.13
2025-07-15 00:00:00+00:00,22.27,9.35,14.0,84.09,43.48
2025-07-15 01:00:00+00:00,26.77,8.23,8.88,69.43,53.22
2025-07-15 02:00:00+00:00,22.16,8.41,12.5,77.69,43.49
2025-07-15 03:00:00+00:00,24.18,10.15,14.25,74.85,47.17
2025-07-15 04:00:00+00:00,28.67,10.03,11.76,79.09,56.42
2025-07-15 05:00:00+00:00,32.42,8.97,13.72,69.67,63.36
2025-07-15 06:00:00+00:00,34.41,10.44,14.6,68.64,67.04
2025-07-15 07:00:00+00:00,29.7,7.82,15.93,64.19,57.6
2025-07-15 08:00:00+00:00,35.25,10.05,18.17,55.07,67.84
2025-07-15 09:00:00+00:00,30.53,8.84,21.81,59.62,58.03
2025-07-15 10:00:00+00:00,38.46,11.98,23.68,52.74,72.64
2025-07-15 11:00:00+00:00,29.33,6.57,22.22,45.83,55.67
2025-07-15 12:00:00+00:00,36.15,7.17,25.74,39.73,67.81
2025-07-15 13:00:00+00:00,29.33,8.71,23.96,47.32,55.35
2025-07-15 14:00:00+00:00,36.24,8.88,26.08,38.14,67.9
2025-07-15 15:00:00+00:00,30.72,10.91,23.51,38.01,58.06
2025-07-15 16:00:00+00:00,24.56,7.89,23.05,43.06,46.49
2025-07-15 17:00:00+00:00,24.72,10.03,22.26,58.78,46.92
2025-07-15 18:00:00+00:00,27.41,10.19,24.31,38.47,51.66
2025-07-15 19:00:00+00:00,27.18,9.82,20.02,60.08,51.98
2025-07-15 20:00:00+00:00,23.02,7.54,16.59,43.91,44.54
2025-07-15 21:00:00+00:00,22.87,10.57,17.07,66.0,44.18
2025-07-15 22:00:00+00:00,24.84,10.51,14.09,81.77,48.48
2025-07-15 23:00:00+00:00,23.13,9.47,12.79,77.37,45.35
2025-07-16 00:00:00+00:00,19.35,8.81,13.63,78.19,37.83
2025-07-16 01:00:00+00:00,21.57,8.76,12.12,74.57,42.39
2025-07-16 02:00:00+00:00,25.71,8.51,12.36,80.23,50.49
2025-07-16 03:00:00+00:00,29.81,9.32,12.39,77.52,58.53
2025-07-16 04:00:00+00:00,32.23,8.47,13.51,71.49,63.04
2025-07-16 05:00:00+00:00,30.93,7.43,14.69,72.47,60.24
2025-07-16 06:00:00+00:00,30.55,7.19,13.18,72.39,59.82
2025-07-16 07:00:00+00:00,32.85,7.3,17.8,59.94,63.3
2025-07-16 08:00:00+00:00,29.26,8.36,17.39,54.49,56.46
2025-07-16 09:00:00+00:00,31.15,7.97,18.36,44.86,59.91
2025-07-16 10:00:00+00:00,29.15,8.34,21.41,53.95,55.48
2025-07-16 11:00:00+00:00,27.55,8.62,22.72,50.9,52.21
2025-07-16 12:00:00+00:00,31.65,7.25,22.62,45.02,59.99
2025-07-16 13:00:00+00:00,30.26,9.97,24.91,48.67,56.92
2025-07-16 14:00:00+00:00,30.59,8.08,22.36,40.73,58.04
2025-07-16 15:00:00+00:00,28.84,8.05,23.14,43.59,54.57
2025-07-16 16:00:00+00:00,26.52,9.27,22.19,44.66,50.34
2025-07-16 17:00:00+00:00,26.07,6.57,21.77,44.47,49.56
2025-07-16 18:00:00+00:00,22.99,7.85,20.83,44.95,43.84
2025-07-16 19:00:00+00:00,23.25,10.38,17.79,71.63,44.8
2025-07-16 20:00:00+00:00,18.98,6.72,18.3,55.44,36.51
2025-07-16 21:00:00+00:00,21.71,10.09,15.98,58.93,42.1
2025-07-16 22:00:00+00:00,22.39,10.67,12.25,72.64,43.98
2025-07-16 23:00:00+00:00,18.49,8.27,11.03,75.47,36.48
2025-07-17 00:00:00+00:00,21.1,8.66,12.53,65.59,41.41
2025-07-17 01:00:00+00:00,19.81,10.1,11.82,88.03,38.97
2025-07-17 02:00:00+00:00,21.06,8.02,11.9,79.22,41.42
2025-07-17 03:00:00+00:00,20.38,9.45,12.34,70.65,40.02
2025-07-17 04:00:00+00:00,28.74,7.94,13.38,87.28,56.24
2025-07-17 05:00:00+00:00,29.31,8.02,15.31,79.8,56.97
2025-07-17 06:00:00+00:00,28.8,7.25,14.17,60.69,56.2
2025-07-17 07:00:00+00:00,33.99,9.02,15.59,80.3,66.0
2025-07-17 08:00:00+00:00,28.14,9.71,17.25,66.21,54.33
2025-07-17 09:00:00+00:00,38.14,7.89,20.44,55.66,72.83
2025-07-17 10:00:00+00:00,28.36,6.75,22.97,63.55,53.69
2025-07-17 11:00:00+00:00,29.47,6.7,22.11,47.82,55.96
2025-07-17 12:00:00+00:00,26.85,8.47,20.45,42.95,51.27
2025-07-17 13:00:00+00:00,28.22,10.42,21.87,35.66,53.63
2025-07-17 14:00:00+00:00,28.43,8.87,22.97,44.68,53.83
2025-07-17 15:00:00+00:00,24.26,8.1,22.95,44.27,45.94
2025-07-17 16:00:00+00:00,28.53,9.61,22.4,42.34,54.12
2025-07-17 17:00:00+00:00,22.54,8.49,21.87,38.89,42.83
2025-07-17 18:00:00+00:00,21.36,8.35,20.12,50.23,40.83
2025-07-17 19:00:00+00:00,16.74,7.69,20.26,53.36,31.99
2025-07-17 20:00:00+00:00,19.89,10.38,16.62,48.39,38.48
2025-07-17 21:00:00+00:00,17.7,5.57,14.87,52.48,34.45
2025-07-17 22:00:00+00:00,16.09,9.83,15.1,73.69,31.3
2025-07-17 23:00:00+00:00,15.74,7.7,11.53,52.64,31.0
2025-07-18 00:00:00+00:00,26.56,8.08,13.01,78.47,52.04
2025-07-18 01:00:00+00:00,18.53,10.54,12.21,75.23,36.41
2025-07-18 02:00:00+00:00,15.95,7.95,11.85,90.44,31.38
2025-07-18 03:00:00+00:00,19.39,7.7,14.28,75.59,37.82
2025-07-18 04:00:00+00:00,22.56,8.5,12.36,83.05,44.3
2025-07-18 05:00:00+00:00,25.58,8.93,16.65,71.62,49.49
2025-07-18 06:00:00+00:00,26.73,7.9,15.23,71.72,51.97
2025-07-18 07:00:00+00:00,28.04,6.55,15.47,71.98,54.47
2025-07-18 08:00:00+00:00,24.78,7.11,18.65,57.24,47.61
2025-07-18 09:00:00+00:00,28.13,9.81,18.8,63.71,54.02
2025-07-18 10:00:00+00:00,24.55,8.09,20.57,42.88,46.86
2025-07-18 11:00:00+00:00,25.05,8.54,23.1,48.9,47.41
2025-07-18 12:00:00+00:00,23.57,7.7,24.12,50.55,44.45
2025-07-18 13:00:00+00:00,21.88,7.42,23.17,46.23,41.4
2025-07-18 14:00:00+00:00,27.55,10.52,25.16,55.35,51.78
2025-07-18 15:00:00+00:00,25.17,8.34,25.01,34.35,47.33
2025-07-18 16:00:00+00:00,24.72,8.16,24.61,31.19,46.55
2025-07-18 17:00:00+00:00,20.61,10.09,22.46,37.25,39.09
2025-07-18 18:00:00+00:00,21.63,8.02,22.13,54.48,41.07
2025-07-18 19:00:00+00:00,13.02,8.22,16.74,57.9,25.18
2025-07-18 20:00:00+00:00,20.15,8.9,17.05,59.87,38.93
2025-07-18 21:00:00+00:00,17.65,8.67,14.87,55.28,34.36
2025-07-18 22:00:00+00:00,18.9,9.22,14.67,75.31,36.82
2025-07-18 23:00:00+00:00,18.4,10.99,12.69,63.66,36.09
2025-07-19 00:00:00+00:00,14.88,9.13,12.34,86.1,29.22
2025-07-19 01:00:00+00:00,14.21,6.18,14.34,101.91,27.71
2025-07-19 02:00:00+00:00,17.66,9.05,11.82,82.91,34.74
2025-07-19 03:00:00+00:00,22.75,8.73,12.87,84.21,44.59
2025-07-19 04:00:00+00:00,24.46,8.53,12.83,73.83,47.95
2025-07-19 05:00:00+00:00,19.61,8.5,14.27,60.31,38.25
2025-07-19 06:00:00+00:00,21.99,8.29,15.51,65.98,42.71
2025-07-19 07:00:00+00:00,23.81,8.08,17.54,57.34,45.92
2025-07-19 08:00:00+00:00,25.7,8.74,19.96,49.37,49.16
2025-07-19 09:00:00+00:00,23.18,7.74,22.07,69.52,44.02
2025-07-19 10:00:00+00:00,23.17,6.92,21.85,53.01,44.03
2025-07-19 11:00:00+00:00,24.8,11.63,23.33,49.58,46.9
2025-07-19 12:00:00+00:00,27.03,7.14,22.07,40.7,51.33
2025-07-19 13:00:00+00:00,22.45,8.33,23.81,39.56,42.38
2025-07-19 14:00:00+00:00,24.64,6.61,25.1,47.74,46.32
2025-07-19 15:00:00+00:00,27.01,8.71,24.66,40.2,50.85
2025-07-19 16:00:00+00:00,18.71,7.57,23.14,46.47,35.4
2025-07-19 17:00:00+00:00,20.79,8.24,22.89,43.64,39.37
2025-07-19 18:00:00+00:00,23.38,10.05,21.09,46.46,44.55
2025-07-19 19:00:00+00:00,18.14,9.34,20.44,42.66,34.64
2025-07-19 20:00:00+00:00,17.02,9.37,17.78,43.23,32.8
2025-07-19 21:00:00+00:00,21.88,6.68,15.48,62.17,42.5
2025-07-19 22:00:00+00:00,17.46,11.0,14.93,69.62,33.98
2025-07-19 23:00:00+00:00,22.01,7.04,9.86,63.17,43.6
2025-07-20 00:00:00+00:00,20.64,10.37,13.0,76.55,40.44
2025-07-20 01:00:00+00:00,19.27,9.82,7.71,79.48,38.47
2025-07-20 02:00:00+00:00,22.91,8.95,9.96,62.73,45.37
2025-07-20 03:00:00+00:00,23.76,7.42,12.92,72.22,46.57
2025-07-20 04:00:00+00:00,27.27,8.8,13.68,81.03,53.3
2025-07-20 05:00:00+00:00,23.95,7.99,12.78,77.89,46.96
2025-07-20 06:00:00+00:00,27.01,8.27,14.65,61.58,52.62
2025-07-20 07:00:00+00:00,27.81,8.05,18.64,67.35,53.43
2025-07-20 08:00:00+00:00,30.96,5.94,17.98,69.12,59.62
2025-07-20 09:00:00+00:00,26.32,9.59,22.78,61.96,49.86
2025-07-20 10:00:00+00:00,32.67,7.9,21.47,50.07,62.17
2025-07-20 11:00:00+00:00,30.9,7.42,23.11,42.8,58.48
2025-07-20 12:00:00+00:00,25.1,7.33,25.4,38.14,47.14
2025-07-20 13:00:00+00:00,31.95,8.64,24.07,44.69,60.27
2025-07-20 14:00:00+00:00,34.07,7.33,22.77,41.58,64.55
2025-07-20 15:00:00+00:00,29.25,5.86,23.49,45.49,55.28
2025-07-20 16:00:00+00:00,29.34,9.18,22.85,43.28,55.57
2025-07-20 17:00:00+00:00,24.14,9.43,20.19,51.76,46.14
2025-07-20 18:00:00+00:00,17.83,8.56,20.19,49.95,34.08
2025-07-20 19:00:00+00:00,16.4,7.6,18.11,60.2,31.57
2025-07-20 20:00:00+00:00,22.06,9.12,18.54,66.02,42.4
2025-07-20 21:00:00+00:00,19.18,6.96,15.95,57.82,37.2
2025-07-20 22:00:00+00:00,18.21,7.26,14.18,54.71,35.53
2025-07-20 23:00:00+00:00,21.11,8.02,13.25,85.81,41.32
2025-07-21 00:00:00+00:00,23.8,9.59,12.81,78.88,46.66
2025-07-21 01:00:00+00:00,18.54,7.87,12.82,65.34,36.35
2025-07-21 02:00:00+00:00,22.73,7.95,10.83,74.27,44.87
2025-07-21 03:00:00+00:00,29.93,11.06,11.13,85.72,59.03
2025-07-21 04:00:00+00:00,23.57,8.93,14.44,75.54,45.95
2025-07-21 05:00:00+00:00,30.79,8.82,13.68,70.7,60.18
2025-07-21 06:00:00+00:00,28.0,8.2,13.8,82.01,54.71
2025-07-21 07:00:00+00:00,32.17,7.44,17.53,57.7,62.05
2025-07-21 08:00:00+00:00,34.66,5.47,19.12,54.56,66.49
2025-07-21 09:00:00+00:00,34.12,9.31,18.26,57.43,65.64
2025-07-21 10:00:00+00:00,34.81,8.62,21.75,53.95,66.18
2025-07-21 11:00:00+00:00,28.48,7.8,23.51,50.51,53.82
2025-07-21 12:00:00+00:00,34.8,7.84,23.91,50.46,65.68
2025-07-21 13:00:00+00:00,28.13,9.09,24.67,42.54,52.96
2025-07-21 14:00:00+00:00,30.46,6.53,22.29,43.94,57.8
2025-07-21 15:00:00+00:00,29.29,7.86,24.02,38.39,55.26
2025-07-21 16:00:00+00:00,28.74,7.33,22.53,42.73,54.49
2025-07-21 17:00:00+00:00,27.07,10.9,21.24,46.07,51.55
2025-07-21 18:00:00+00:00,22.4,9.87,21.54,50.91,42.62
2025-07-21 19:00:00+00:00,19.94,6.33,20.77,60.1,38.04
2025-07-21 20:00:00+00:00,25.91,7.15,19.59,63.5,49.62
2025-07-21 21:00:00+00:00,23.45,8.7,17.49,64.61,45.24
2025-07-21 22:00:00+00:00,26.27,8.09,14.39,62.7,51.22
2025-07-21 23:00:00+00:00,22.96,7.1,13.8,74.0,44.86
2025-07-22 00:00:00+00:00,19.46,10.87,13.46,76.61,38.07
2025-07-22 01:00:00+00:00,27.45,8.99,12.23,80.6,53.93
2025-07-22 02:00:00+00:00,24.54,9.52,12.18,97.63,48.22
2025-07-22 03:00:00+00:00,27.92,7.68,13.37,75.35,54.63
2025-07-22 04:00:00+00:00,26.27,9.49,13.04,81.15,51.46
2025-07-22 05:00:00+00:00,34.44,8.21,13.3,83.34,67.41
2025-07-22 06:00:00+00:00,28.07,8.09,15.01,71.59,54.61
2025-07-22 07:00:00+00:00,30.69,9.43,17.76,84.78,59.15
2025-07-22 08:00:00+00:00,32.76,6.2,18.57,57.92,62.96
2025-07-22 09:00:00+00:00,29.6,10.08,20.5,58.33,56.51
2025-07-22 10:00:00+00:00,33.97,8.22,22.28,44.44,64.47
2025-07-22 11:00:00+00:00,37.57,9.54,22.17,43.73,71.32
2025-07-22 12:00:00+00:00,30.69,6.71,24.36,45.16,57.83
2025-07-22 13:00:00+00:00,32.48,7.1,24.37,47.72,61.21
2025-07-22 14:00:00+00:00,21.95,7.01,22.49,42.58,41.63
2025-07-22 15:00:00+00:00,28.83,8.88,25.35,50.53,54.15
2025-07-22 16:00:00+00:00,26.67,8.77,22.29,41.47,50.61
2025-07-22 17:00:00+00:00,23.83,8.22,19.84,42.55,45.6
2025-07-22 18:00:00+00:00,28.31,8.0,19.24,70.83,54.28
2025-07-22 19:00:00+00:00,23.04,7.39,17.77,57.07,44.4
2025-07-22 20:00:00+00:00,22.7,8.7,17.5,53.3,43.79
2025-07-22 21:00:00+00:00,21.6,8.18,15.58,58.71,41.94
2025-07-22 22:00:00+00:00,16.82,7.81,14.12,61.63,32.83
2025-07-22 23:00:00+00:00,19.34,10.68,14.12,80.95,37.74
2025-07-23 00:00:00+00:00,26.11,8.38,12.95,73.91,51.17
2025-07-23 01:00:00+00:00,17.68,10.13,12.46,80.07,34.71
2025-07-23 02:00:00+00:00,22.71,7.95,12.52,79.47,44.57
2025-07-23 03:00:00+00:00,24.96,9.0,13.12,85.39,48.88
2025-07-23 04:00:00+00:00,32.62,8.35,10.58,71.0,64.46
2025-07-23 05:00:00+00:00,30.9,6.29,13.74,66.19,60.39
2025-07-23 06:00:00+00:00,28.02,10.17,12.89,72.6,54.92
2025-07-23 07:00:00+00:00,34.51,8.26,17.04,70.89,66.67
2025-07-23 08:00:00+00:00,29.04,9.17,18.56,63.6,55.81
2025-07-23 09:00:00+00:00,34.64,7.1,21.35,49.27,65.95
2025-07-23 10:00:00+00:00,27.55,7.93,22.9,56.25,52.17
2025-07-23 11:00:00+00:00,34.52,6.96,22.87,40.59,65.38
2025-07-23 12:00:00+00:00,29.43,9.48,22.86,39.0,55.74
2025-07-23 13:00:00+00:00,26.62,8.58,24.5,33.4,50.14
2025-07-23 14:00:00+00:00,27.88,8.85,23.34,50.43,52.72
2025-07-23 15:00:00+00:00,28.03,10.2,23.62,45.53,52.95
2025-07-23 16:00:00+00:00,24.31,10.08,24.07,47.07,45.86
2025-07-23 17:00:00+00:00,26.07,9.79,21.15,55.18,49.66
2025-07-23 18:00:00+00:00,21.37,7.53,21.46,71.7,40.67
2025-07-23 19:00:00+00:00,23.87,7.94,19.81,40.24,45.68
2025-07-23 20:00:00+00:00,22.48,7.55,16.29,53.15,43.54
2025-07-23 21:00:00+00:00,20.42,9.63,17.08,59.33,39.45
2025-07-23 22:00:00+00:00,19.06,8.85,15.36,62.37,37.04
2025-07-23 23:00:00+00:00,20.96,6.84,13.5,64.84,41.0
2025-07-24 00:00:00+00:00,22.6,8.26,11.63,74.43,44.49
2025-07-24 01:00:00+00:00,27.86,6.59,11.05,69.32,54.96
2025-07-24 02:00:00+00:00,25.45,8.59,11.38,82.66,50.15
2025-07-24 03:00:00+00:00,26.68,6.61,13.03,79.95,52.27
2025-07-24 04:00:00+00:00,34.21,9.27,11.96,81.62,67.27
2025-07-24 05:00:00+00:00,27.66,9.03,14.7,78.86,53.87
2025-07-24 06:00:00+00:00,28.64,10.8,14.01,75.63,55.92
2025-07-24 07:00:00+00:00,30.18,9.28,16.76,63.09,58.36
2025-07-24 08:00:00+00:00,25.68,8.05,18.7,77.91,49.33
2025-07-24 09:00:00+00:00,27.71,9.13,23.03,57.62,52.45
2025-07-24 10:00:00+00:00,27.52,6.32,19.82,35.93,52.66
2025-07-24 11:00:00+00:00,30.65,6.85,24.39,38.52,57.75
2025-07-24 12:00:00+00:00,27.52,8.4,23.64,29.25,51.99
2025-07-24 13:00:00+00:00,27.52,5.62,24.41,41.09,51.85
2025-07-24 14:00:00+00:00,29.19,8.36,24.12,39.05,55.05
2025-07-24 15:00:00+00:00,27.19,7.34,24.16,36.71,51.27
2025-07-24 16:00:00+00:00,22.72,8.98,22.71,58.31,43.05
2025-07-24 17:00:00+00:00,19.81,7.48,23.57,49.6,37.43
2025-07-24 18:00:00+00:00,23.96,9.41,19.95,55.0,45.83
2025-07-24 19:00:00+00:00,21.79,8.8,20.36,46.47,41.62
2025-07-24 20:00:00+00:00,13.81,10.39,16.66,51.06,26.72
2025-07-24 21:00:00+00:00,17.17,8.86,15.84,64.55,33.31
2025-07-24 22:00:00+00:00,18.41,7.89,13.24,70.56,36.04
2025-07-24 23:00:00+00:00,20.4,8.08,13.92,58.61,39.84
2025-07-25 00:00:00+00:00,21.28,6.89,14.28,75.39,41.51
2025-07-25 01:00:00+00:00,20.17,9.07,11.99,79.17,39.66
2025-07-25 02:00:00+00:00,22.07,9.27,11.79,78.26,43.43
2025-07-25 03:00:00+00:00,21.67,11.42,11.04,73.03,42.75
2025-07-25 04:00:00+00:00,20.7,7.72,12.83,73.46,40.58
2025-07-25 05:00:00+00:00,23.16,8.15,12.26,73.38,45.49
2025-07-25 06:00:00+00:00,25.13,7.74,14.41,71.53,49.0
2025-07-25 07:00:00+00:00,25.91,8.67,17.27,70.92,50.02
2025-07-25 08:00:00+00:00,21.05,8.85,20.15,69.59,40.24
2025-07-25 09:00:00+00:00,25.92,8.0,23.46,53.39,48.99
2025-07-25 10:00:00+00:00,27.35,9.3,20.77,47.18,52.17
2025-07-25 11:00:00+00:00,26.06,7.26,24.35,50.04,49.11
2025-07-25 12:00:00+00:00,25.58,9.18,23.75,48.06,48.3
2025-07-25 13:00:00+00:00,26.91,8.85,23.73,37.47,50.82
2025-07-25 14:00:00+00:00,21.12,8.39,24.49,46.35,39.78
2025-07-25 15:00:00+00:00,18.22,8.19,23.7,48.3,34.41
2025-07-25 16:00:00+00:00,20.74,11.66,23.02,52.56,39.26
2025-07-25 17:00:00+00:00,22.78,7.98,21.33,59.43,43.37
2025-07-25 18:00:00+00:00,24.37,9.16,18.82,42.26,46.8
2025-07-25 19:00:00+00:00,20.65,7.95,17.15,54.03,39.88
2025-07-25 20:00:00+00:00,13.15,11.02,18.22,59.15,25.3
2025-07-25 21:00:00+00:00,16.42,9.9,15.58,63.47,31.88
2025-07-25 22:00:00+00:00,17.79,7.87,13.81,63.98,34.76
2025-07-25 23:00:00+00:00,17.8,9.05,13.39,61.57,34.83
2025-07-26 00:00:00+00:00,19.46,8.86,13.5,77.57,38.06
2025-07-26 01:00:00+00:00,15.95,7.84,12.3,72.91,31.33
2025-07-26 02:00:00+00:00,19.99,9.52,11.24,80.67,39.41
2025-07-26 03:00:00+00:00,22.32,8.93,13.85,73.19,43.6
2025-07-26 04:00:00+00:00,24.87,8.64,15.0,68.98,48.39
2025-07-26 05:00:00+00:00,21.3,8.48,14.77,76.67,41.48
2025-07-26 06:00:00+00:00,23.9,8.96,16.67,72.01,46.23
2025-07-26 07:00:00+00:00,17.87,8.69,18.49,70.72,34.35
2025-07-26 08:00:00+00:00,24.91,8.64,19.92,78.43,47.65
2025-07-26 09:00:00+00:00,25.69,7.39,20.83,57.96,48.99
2025-07-26 10:00:00+00:00,24.37,10.13,22.19,54.71,46.26
2025-07-26 11:00:00+00:00,27.76,6.74,23.25,37.92,52.51
2025-07-26 12:00:00+00:00,26.6,8.51,22.14,32.88,50.5
2025-07-26 13:00:00+00:00,19.22,7.89,24.76,53.61,36.17
2025-07-26 14:00:00+00:00,25.64,10.51,22.35,32.63,48.65
2025-07-26 15:00:00+00:00,21.05,7.48,22.67,32.11,39.89
2025-07-26 16:00:00+00:00,24.07,7.81,24.45,41.91,45.35
2025-07-26 17:00:00+00:00,17.56,7.61,22.83,44.48,33.26
2025-07-26 18:00:00+00:00,20.4,9.19,22.28,41.97,38.71
2025-07-26 19:00:00+00:00,18.55,7.15,18.67,51.48,35.64
2025-07-26 20:00:00+00:00,19.65,8.5,16.05,68.89,38.09
2025-07-26 21:00:00+00:00,18.76,6.14,15.62,57.81,36.42
2025-07-26 22:00:00+00:00,17.61,8.85,14.65,58.02,34.31
2025-07-26 23:00:00+00:00,14.09,8.23,13.47,81.0,27.56
2025-07-27 00:00:00+00:00,14.92,6.83,13.9,80.77,29.14
2025-07-27 01:00:00+00:00,18.54,9.78,11.65,74.09,36.5
2025-07-27 02:00:00+00:00,21.44,6.78,12.45,67.32,42.09
2025-07-27 03:00:00+00:00,20.98,9.43,11.19,73.58,41.37
2025-07-27 04:00:00+00:00,26.08,7.71,13.65,77.34,50.98
2025-07-27 05:00:00+00:00,24.76,10.6,14.18,84.12,48.31
2025-07-27 06:00:00+00:00,23.99,9.15,14.6,62.51,46.74
2025-07-27 07:00:00+00:00,27.16,7.1,16.72,65.41,52.53
2025-07-27 08:00:00+00:00,29.52,7.23,18.34,66.34,56.78
2025-07-27 09:00:00+00:00,30.37,8.73,19.77,36.69,58.13
2025-07-27 10:00:00+00:00,35.25,7.87,23.6,59.1,66.6
2025-07-27 11:00:00+00:00,27.49,7.8,22.51,37.08,52.13
2025-07-27 12:00:00+00:00,28.83,9.53,23.16,45.83,54.55
2025-07-27 13:00:00+00:00,29.6,7.31,21.4,42.92,56.34
2025-07-27 14:00:00+00:00,27.29,8.51,22.9,48.7,51.68
2025-07-27 15:00:00+00:00,24.75,9.71,23.31,44.87,46.81
2025-07-27 16:00:00+00:00,20.41,9.66,22.07,23.21,38.76
2025-07-27 17:00:00+00:00,22.35,8.58,23.48,38.93,42.24
2025-07-27 18:00:00+00:00,19.59,8.46,20.3,50.3,37.43
2025-07-27 19:00:00+00:00,16.75,6.73,20.55,52.36,31.97
2025-07-27 20:00:00+00:00,18.91,7.68,17.51,62.88,36.48
2025-07-27 21:00:00+00:00,17.82,9.36,15.95,70.57,34.56
2025-07-27 22:00:00+00:00,22.71,8.72,14.42,74.04,44.28
2025-07-27 23:00:00+00:00,23.1,8.73,13.38,71.74,45.2
2025-07-28 00:00:00+00:00,19.24,9.49,14.61,62.06,37.49
2025-07-28 01:00:00+00:00,22.12,7.08,9.3,75.41,43.91
2025-07-28 02:00:00+00:00,18.5,8.38,9.62,83.31,36.68
2025-07-28 03:00:00+00:00,23.92,8.64,11.72,70.82,47.08
2025-07-28 04:00:00+00:00,27.99,7.81,13.13,82.82,54.82
2025-07-28 05:00:00+00:00,30.65,10.36,15.0,82.06,59.64
2025-07-28 06:00:00+00:00,27.31,9.53,16.07,71.82,52.94
2025-07-28 07:00:00+00:00,33.69,8.35,16.54,41.57,65.2
2025-07-28 08:00:00+00:00,26.82,10.17,19.79,50.72,51.33
2025-07-28 09:00:00+00:00,28.15,6.62,21.33,70.83,53.59
2025-07-28 10:00:00+00:00,34.22,7.99,21.7,46.46,65.07
2025-07-28 11:00:00+00:00,36.95,8.44,23.78,30.67,69.77
2025-07-28 12:00:00+00:00,32.93,6.96,23.78,53.05,62.18
2025-07-28 13:00:00+00:00,30.56,8.57,23.24,41.05,57.81
2025-07-28 14:00:00+00:00,23.1,7.07,24.81,48.86,43.47
2025-07-28 15:00:00+00:00,22.45,9.39,23.76,42.67,42.39
2025-07-28 16:00:00+00:00,27.67,9.96,22.89,45.9,52.4
2025-07-28 17:00:00+00:00,24.98,9.1,23.59,48.11,47.2
2025-07-28 18:00:00+00:00,21.61,6.67,17.56,54.77,41.68
2025-07-28 19:00:00+00:00,24.18,8.06,17.3,72.14,46.67
2025-07-28 20:00:00+00:00,23.64,9.71,16.01,66.82,45.84
2025-07-28 21:00:00+00:00,25.73,8.62,15.47,51.62,49.98
2025-07-28 22:00:00+00:00,23.23,5.62,14.22,72.74,45.32
2025-07-28 23:00:00+00:00,26.78,10.35,11.57,82.59,52.73
2025-07-29 00:00:00+00:00,23.7,8.89,11.36,86.45,46.7
2025-07-29 01:00:00+00:00,24.2,7.53,11.05,75.64,47.74
2025-07-29 02:00:00+00:00,28.84,9.98,14.98,89.3,56.12
2025-07-29 03:00:00+00:00,23.96,7.93,14.54,86.96,46.69
2025-07-29 04:00:00+00:00,36.66,8.14,12.62,98.35,71.92
2025-07-29 05:00:00+00:00,30.63,8.81,13.74,68.79,59.86
2025-07-29 06:00:00+00:00,31.84,10.47,14.12,66.75,62.14
2025-07-29 07:00:00+00:00,33.27,10.22,14.71,63.63,64.8
2025-07-29 08:00:00+00:00,38.07,8.57,18.43,57.02,73.2
2025-07-29 09:00:00+00:00,35.26,8.55,18.89,48.62,67.69
2025-07-29 10:00:00+00:00,28.16,8.95,21.37,28.73,53.61
2025-07-29 11:00:00+00:00,36.95,6.49,20.7,43.06,70.5
2025-07-29 12:00:00+00:00,31.14,8.77,22.54,46.13,59.04
2025-07-29 13:00:00+00:00,31.62,7.33,24.09,37.0,59.64
2025-07-29 14:00:00+00:00,26.36,8.89,24.41,55.51,49.67
2025-07-29 15:00:00+00:00,30.52,8.29,24.12,40.57,57.56
2025-07-29 16:00:00+00:00,25.66,9.35,21.31,52.56,48.86
2025-07-29 17:00:00+00:00,26.59,8.91,22.85,47.3,50.36
2025-07-29 18:00:00+00:00,24.21,5.23,19.54,55.81,46.37
2025-07-29 19:00:00+00:00,29.8,9.11,19.76,56.15,57.04
2025-07-29 20:00:00+00:00,29.17,9.86,17.42,70.01,56.28
2025-07-29 21:00:00+00:00,22.87,9.39,14.26,64.71,44.61
2025-07-29 22:00:00+00:00,22.76,8.74,14.14,73.14,44.42
2025-07-29 23:00:00+00:00,21.62,10.71,13.81,76.39,42.24
2025-07-30 00:00:00+00:00,26.55,8.86,13.28,74.52,51.97
2025-07-30 01:00:00+00:00,23.02,9.17,11.91,82.29,45.28
2025-07-30 02:00:00+00:00,23.74,10.21,13.86,97.85,46.37
2025-07-30 03:00:00+00:00,29.1,8.98,13.59,77.38,56.9
2025-07-30 04:00:00+00:00,25.77,7.54,12.8,81.13,50.53
2025-07-30 05:00:00+00:00,28.48,5.77,15.08,84.86,55.4
2025-07-30 06:00:00+00:00,24.95,8.03,17.82,79.93,48.07
2025-07-30 07:00:00+00:00,32.71,9.24,19.35,66.18,62.7
2025-07-30 08:00:00+00:00,37.08,7.58,17.09,41.88,71.63
2025-07-30 09:00:00+00:00,33.77,9.16,18.98,59.87,64.81
2025-07-30 10:00:00+00:00,36.01,8.18,23.26,33.07,68.11
2025-07-30 11:00:00+00:00,28.76,9.71,21.35,58.3,54.75
2025-07-30 12:00:00+00:00,31.35,7.65,21.87,44.53,59.58
2025-07-30 13:00:00+00:00,26.87,8.77,23.33,48.94,50.81
2025-07-30 14:00:00+00:00,27.85,9.01,24.48,32.81,52.46
2025-07-30 15:00:00+00:00,29.52,10.37,23.5,28.04,55.79
2025-07-30 16:00:00+00:00,26.1,6.64,22.11,44.31,49.56
2025-07-30 17:00:00+00:00,20.17,8.22,21.01,44.94,38.44
2025-07-30 18:00:00+00:00,19.17,9.82,19.64,45.26,36.71
2025-07-30 19:00:00+00:00,17.87,10.72,17.94,54.6,34.42
2025-07-30 20:00:00+00:00,22.63,9.6,20.17,81.2,43.25
2025-07-30 21:00:00+00:00,26.79,8.63,16.26,70.94,51.9
2025-07-30 22:00:00+00:00,24.47,9.86,15.59,77.57,47.51
2025-07-30 23:00:00+00:00,14.81,9.85,12.79,80.21,29.04
2025-07-31 00:00:00+00:00,25.21,8.34,12.32,88.67,49.51
2025-07-31 01:00:00+00:00,24.49,8.95,11.23,77.53,48.28
2025-07-31 02:00:00+00:00,18.0,9.69,8.84,63.54,35.79
2025-07-31 03:00:00+00:00,22.84,10.83,10.72,78.03,45.11
2025-07-31 04:00:00+00:00,28.23,9.58,10.94,84.27,55.71
2025-07-31 05:00:00+00:00,27.77,8.39,11.48,67.04,54.7
2025-07-31 06:00:00+00:00,23.26,8.32,14.07,69.4,45.4
2025-07-31 07:00:00+00:00,29.9,8.88,18.59,60.55,57.46
2025-07-31 08:00:00+00:00,22.29,8.32,18.51,72.96,42.85
2025-07-31 09:00:00+00:00,28.37,8.46,21.64,61.74,53.96
2025-07-31 10:00:00+00:00,32.46,6.85,21.97,56.04,61.67
2025-07-31 11:00:00+00:00,28.76,9.59,23.56,51.51,54.34
2025-07-31 12:00:00+00:00,26.55,6.63,22.37,42.87,50.37
2025-07-31 13:00:00+00:00,29.77,7.69,24.54,42.53,56.07
2025-07-31 14:00:00+00:00,28.85,8.52,24.85,30.54,54.28
2025-07-31 15:00:00+00:00,28.53,10.95,22.93,22.97,54.02
2025-07-31 16:00:00+00:00,25.83,8.19,23.56,43.43,48.81
2025-07-31 17:00:00+00:00,25.07,7.97,22.5,47.8,47.54
2025-07-31 18:00:00+00:00,22.75,8.32,19.84,58.87,43.53
2025-07-31 19:00:00+00:00,20.26,11.09,17.65,66.49,39.06
2025-07-31 20:00:00+00:00,18.9,5.75,16.01,71.62,36.65
2025-07-31 21:00:00+00:00,17.39,7.49,16.01,56.27,33.72
2025-07-31 22:00:00+00:00,14.28,12.0,14.92,66.35,27.79
2025-07-31 23:00:00+00:00,15.2,9.46,12.43,77.3,29.84
